from,to,type
/academia-e-fitness,/academia-e-fitness,permanent
/academia-e-fitness,/academia-e-fitness,permanent
/acao-fest-card,/outlet,permanent
/acessorios-esportivos,/acessorios-esportivos,permanent
/acte-sports,/acte-sports,permanent
/actvitta,/actvitta,permanent
/adidas,/adidas,permanent
/adomes,/adomes,permanent
/adventure,/adventure,permanent
/adventure,/adventure,permanent
/afiliados,/,permanent
/agasalhos-de-frio,/,permanent
/agathos,/agathos,permanent
/alice-palucci,/alice-palucci,permanent
/all-star,/all-star,permanent
/altenburg,/altenburg,permanent
/alto-verao,/verao,permanent
/aniversario-oscar,/aniversario-oscar,permanent
/ano-zero,/,permanent
/app-loja-oscar,/app-loja-oscar,permanent
/arena,/arena,permanent
/asics,/asics,permanent
/assessoria-de-imprensa,/assessoria-de-imprensa,permanent
/atrativa-modas,/atrativa-modas,permanent
/autem-originals,/autem-originals,permanent
/azaleia,/azaleia,permanent
/babuches,/calcados-femininos/babuches,permanent
/bad-play,/,permanent
/basquete,/basquete,permanent
/beach-tennis,/beach-tennis,permanent
/beach-tennis,/beach-tennis,permanent
/bebece,/bebece,permanent
/beira-rio,/beira-rio,permanent
/bela-gaia,/bela-gaia,permanent
/beleza,/beleza,permanent
/bella-janela,/bella-janela,permanent
/bene-casa,/bene-casa,permanent
/bibi,/bibi,permanent
/biertan,/,permanent
/bigioni,/bigioni,permanent
/black-friday,/black-friday,permanent
/black-friday-acessorios,/black-friday,permanent
/black-friday-esportivo,/black-friday,permanent
/black-friday-feminino,/black-friday,permanent
/black-friday-infantil,/black-friday,permanent
/black-friday-masculino,/black-friday,permanent
/black-friday-moda-casa,/black-friday,permanent
/black-friday-roupas,/black-friday,permanent
/black-friday-shopping-oscar,/black-friday,permanent
/bolsas-e-acessorios-feminino,/acessorios-femininos/bolsas,permanent
/bota-moleca,/calcados-femininos/botas,permanent
/bota-via-marte,/calcados-femininos/botas,permanent
/bota-vizzano,/calcados-femininos/botas,permanent
/botas-a-partir-de-99,/calcados-femininos/botas,permanent
/botas-cano-baixo,/calcados-femininos/botas/cano-curto,permanent
/bottero,/bottero,permanent
/box-200,/,permanent
/boxe,/boxe,permanent
/braziline,/braziline,permanent
/bull-terrier,/bull-terrier,permanent
/calcado-infantil-feminino,/calcado-infantil-feminino,permanent
/calcado-infantil-feminino/babuche,/calcado-infantil-feminino/babuches,permanent
/calcado-infantil-feminino/botas,/calcado-infantil-feminino/botas,permanent
/calcado-infantil-feminino/botas/galocha,/calcado-infantil-feminino/botas,permanent
/calcado-infantil-feminino/chinelos,/calcado-infantil-feminino/chinelos,permanent
/calcado-infantil-feminino/pantufas,/calcado-infantil-feminino/pantufas,permanent
/calcado-infantil-feminino/sandalias,/calcado-infantil-feminino/sandalias,permanent
/calcado-infantil-feminino/sandalias/anabela,/calcado-infantil-feminino/sandalias,permanent
/calcado-infantil-feminino/sandalias/rasteira,/calcado-infantil-feminino/sandalias,permanent
/calcado-infantil-feminino/sandalias/saltinho,/calcado-infantil-feminino/sandalias,permanent
/calcado-infantil-feminino/sapatilhas,/calcado-infantil-feminino/sapatilhas,permanent
/calcado-infantil-feminino/sapatilhas/alpargatas,/calcado-infantil-feminino/sapatilhas,permanent
/calcado-infantil-feminino/sapatilhas/slipper,/calcado-infantil-feminino/sapatilhas,permanent
/calcado-infantil-feminino/sapatos,/calcado-infantil-feminino/sapatos,permanent
/calcado-infantil-feminino/tamancos,/calcado-infantil-feminino/tamancos,permanent
/calcado-infantil-feminino/tenis,/calcado-infantil-feminino/tenis,permanent
/calcado-infantil-feminino/tenis/slip-on,/calcado-infantil-feminino/tenis,permanent
/calcado-infantil-masculino,/calcado-infantil-masculino,permanent
/calcado-infantil-masculino/babuche,/calcado-infantil-masculino/babuches,permanent
/calcado-infantil-masculino/botas,/calcado-infantil-masculino/botas,permanent
/calcado-infantil-masculino/botas/galocha,/calcado-infantil-masculino/botas,permanent
/calcado-infantil-masculino/chinelos,/calcado-infantil-masculino/chinelos,permanent
/calcado-infantil-masculino/chuteiras,/calcado-infantil-masculino/chuteiras,permanent
/calcado-infantil-masculino/mocassim,/calcado-infantil-masculino/mocassins,permanent
/calcado-infantil-masculino/pantufas,/calcado-infantil-masculino/pantufas,permanent
/calcado-infantil-masculino/sandalias,/calcado-infantil-masculino/sandalias,permanent
/calcado-infantil-masculino/sapatenis,/calcado-infantil-masculino/sapatenis,permanent
/calcado-infantil-masculino/sapatos,/calcado-infantil-masculino/sapatos,permanent
/calcado-infantil-masculino/tenis,/calcado-infantil-masculino/tenis,permanent
/calcado-infantil-masculino/tenis/slip-on,/calcado-infantil-masculino/tenis,permanent
/calcados-esportivos,/calcados-esportivos,permanent
/calcados-esportivos/chuteiras,/calcados-esportivos,permanent
/calcados-esportivos/chuteiras/campo,/calcados-esportivos,permanent
/calcados-esportivos/chuteiras/futsal,/calcados-esportivos,permanent
/calcados-esportivos/chuteiras/society,/calcados-esportivos,permanent
/calcados-esportivos/sapatilhas-aquaticas,/calcados-esportivos,permanent
/calcados-esportivos/sapatilhas-para-ciclismo,/calcados-esportivos,permanent
/calcados-esportivos/tenis,/calcados-esportivos,permanent
/calcados-esportivos/tenis,/calcados-esportivos,permanent
/calcados-esportivos/tenis/academia,/calcados-esportivos,permanent
/calcados-esportivos/tenis/adventure,/calcados-esportivos,permanent
/calcados-esportivos/tenis/basquete,/calcados-esportivos,permanent
/calcados-esportivos/tenis/boxe,/calcados-esportivos,permanent
/calcados-esportivos/tenis/caminhada,/calcados-esportivos,permanent
/calcados-esportivos/tenis/corrida,/calcados-esportivos,permanent
/calcados-esportivos/tenis/skate,/calcados-esportivos,permanent
/calcados-femininos/babuche,/calcados-femininos/babuches,permanent
/calcados-femininos/botas,/calcados-femininos/botas,permanent
/calcados-femininos/botas/cano-curto,/calcados-femininos/botas/cano-curto,permanent
/calcados-femininos/botas/cano-longo,/calcados-femininos/botas/cano-longo,permanent
/calcados-femininos/botas/coturnos,/calcados-femininos/botas/coturnos,permanent
/calcados-femininos/chinelos,/calcados-femininos/chinelos,permanent
/calcados-femininos/conforto,/calcados-femininos,permanent
/calcados-femininos/mule,/calcados-femininos/tamancos/mule,permanent
/calcados-femininos/pantufas,/calcados-femininos/pantufas,permanent
/calcados-femininos/papetes,/calcados-femininos/papetes,permanent
/calcados-femininos/sandalias,/calcados-femininos/sandalias,permanent
/calcados-femininos/sandalias/anabela,/calcados-femininos/sandalias/anabela,permanent
/calcados-femininos/sandalias/plataforma,/calcados-femininos/sandalias/plataforma,permanent
/calcados-femininos/sandalias/rasteirinhas,/calcados-femininos/rasteirinhas,permanent
/calcados-femininos/sandalias/salto-alto,/calcados-femininos/sandalias/salto-alto,permanent
/calcados-femininos/sandalias/salto-fino,/calcados-femininos/sandalias/salto-fino,permanent
/calcados-femininos/sandalias/salto-grosso,/calcados-femininos/sandalias/salto-grosso,permanent
/calcados-femininos/sapatilhas,/calcados-femininos/sapatilhas,permanent
/calcados-femininos/sapatilhas/alpargatas,/calcados-femininos/sapatilhas,permanent
/calcados-femininos/sapatilhas/bico-fino,/calcados-femininos/sapatilhas/bico-fino,permanent
/calcados-femininos/sapatilhas/bico-redondo,/calcados-femininos/sapatilhas/bico-redondo,permanent
/calcados-femininos/sapatilhas/slipper,/calcados-femininos/sapatilhas,permanent
/calcados-femininos/sapatos,/calcados-femininos/sapatos,permanent
/calcados-femininos/sapatos/mocassim,/calcados-femininos/mocassins,permanent
/calcados-femininos/sapatos/oxford,/calcados-femininos/sapatos,permanent
/calcados-femininos/sapatos/peep-toe,/calcados-femininos/sapatos,permanent
/calcados-femininos/sapatos/scarpin,/calcados-femininos/scarpins,permanent
/calcados-femininos/tamancos,/calcados-femininos/tamancos,permanent
/calcados-femininos/tamancos/anabela,/calcados-femininos/tamancos/anabela,permanent
/calcados-femininos/tamancos/rasteira,/calcados-femininos/tamancos,permanent
/calcados-femininos/tamancos/salto-fino,/calcados-femininos/tamancos/salto-alto,permanent
/calcados-femininos/tamancos/salto-grosso,/calcados-femininos/tamancos/salto-alto,permanent
/calcados-femininos/tamanhos-especiais,/calcados-femininos,permanent
/calcados-femininos/tenis,/calcados-femininos/tenis,permanent
/calcados-femininos/tenis/adventure,/calcados-femininos/tenis/adventure,permanent
/calcados-femininos/tenis/casual,/calcados-femininos/tenis/casual,permanent
/calcados-femininos/tenis/esportivo,/calcados-femininos/tenis/esportivo,permanent
/calcados-femininos/tenis/slip-on,/calcados-femininos/tenis/casual,permanent
/calcados-masculinos/babuche,/calcados-masculinos/babuches,permanent
/calcados-masculinos/botas,/calcados-masculinos/botas,permanent
/calcados-masculinos/chinelos-e-sandalias,/calcados-masculinos/chinelos,permanent
/calcados-masculinos/mocassins,/calcados-masculinos/mocassins,permanent
/calcados-masculinos/mule,/calcados-masculinos/mules,permanent
/calcados-masculinos/pantufas,/calcados-masculinos/pantufas,permanent
/calcados-masculinos/sapatenis,/calcados-masculinos/sapatenis,permanent
/calcados-masculinos/sapato,/calcados-masculinos/sapatos,permanent
/calcados-masculinos/sapato/casual,/calcados-masculinos/sapatos/casual,permanent
/calcados-masculinos/sapato/social,/calcados-masculinos/sapatos/social,permanent
/calcados-masculinos/tenis,/calcados-masculinos/tenis,permanent
/calcados-masculinos/tenis/adventure,/calcados-masculinos/tenis/adventure,permanent
/calcados-masculinos/tenis/casual,/calcados-masculinos/tenis/casual,permanent
/calcados-masculinos/tenis/esportivo,/calcados-masculinos/tenis/esportivo,permanent
/calcados-masculinos/tenis/slip-on,/calcados-masculinos/tenis/casual,permanent
/camesa,/camesa,permanent
/caminhada,/caminhada,permanent
/camisa-aguia-do-vale,/camisa-aguia-do-vale,permanent
/camisas-de-time,/camisas-de-time,permanent
/camisetas-diadora,/diadora,permanent
/campesi,/campesi,permanent
/cancelamentos,/cancelamentos,permanent
/cartago,/cartago,permanent
/cartao-presente,/cartao-presente,permanent
/casio,/casio,permanent
/categoria-esportiva,/esportivo,permanent
/categoria-infantil,/infantil,permanent
/categoria-infantil,/infantil,permanent
/categoria-masculina,/masculino,permanent
/categoria-roupas,/roupas,permanent
/cazzac,/cazzac,permanent
/cdka,/cdka,permanent
/chenson,/chenson,permanent
/chic-e-elegante,/,permanent
/chinelo-nuvem,/calcados-femininos/chinelos,permanent
/cia-da-meia,/cia-da-meia,permanent
/cia-perfeita,/,permanent
/ciclismo,/ciclismo,permanent
/ciclismo,/ciclismo,permanent
/clube-oscar,/clube-oscar,permanent
/coca-cola,/coca-cola,permanent
/colecao-amigo-secreto,/outlet,permanent
/colecao-cor-de-rosa,/roupas-femininas,permanent
/colecao-de-bolsas,/acessorios-femininos/bolsas,permanent
/colecao-de-botas-femininas,/calcados-femininos/botas,permanent
/colecao-de-meias,/,permanent
/colecao-diadora,/diadora,permanent
/colecao-done-head,/done-head,permanent
/colecao-exclusiva-infantil,/infantil,permanent
/colecao-exclusiva-site-oscar,/outlet,permanent
/colecao-festa,/,permanent
/colecao-infantil,/infantil,permanent
/colecao-osc,/osc,permanent
/colecao-oscar,/,permanent
/colecao-preview,/,permanent
/colecao-promocional,/outlet,permanent
/colecao-sao-jose,/,permanent
/colecao-sapatenis-masculino,/calcados-masculinos/sapatenis,permanent
/colecao-sapato-social-masculino,/calcados-masculinos/sapatos/social,permanent
/colecao-teen,/infantil,permanent
/collab-oscar,/,permanent
/columbia,/,permanent
/combo-roupas-feminino,/roupas-femininas,permanent
/comfortflex,/comfortflex,permanent
/como-escolher-tenis-de-corrida/,/corrida,permanent
/compra-segura,/,permanent
/conceito-jeans,/,permanent
/constantino,/constantino,permanent
/corrida,/corrida,permanent
/corrida,/corrida,permanent
/corttex,/corttex,permanent
/cotton-day,/cotton-day,permanent
/coturno-via-marte,/coturno-via-marte,permanent
/crocs,/crocs,permanent
/dakota,/dakota,permanent
/dakotinha,/dakotinha,permanent
/dc,/dc,permanent
/declaus,/declaus,permanent
/democrata,/democrata,permanent
/desconto-mizuno,/mizuno,permanent
/desconto-pix,/outlet,permanent
/desconto-progressivo,/desconto-progressivo,permanent
/desconto-progressivo-camisetas,/outlet,permanent
/desconto-progressivo-roupas,/desconto-progressivo,permanent
/descontos-mizuno,/mizuno,permanent
/descontos-olympikus,/olympikus,permanent
/descontos-under-armour,/under-armour,permanent
/devolucao,/devolucao,permanent
/dezali,/dezali,permanent
/dia-das-criancas,/,permanent
/dia-das-maes,/,permanent
/dia-das-mulheres,/,permanent
/dia-dos-pais,/,permanent
/dia-dos-pais-democrata,/,permanent
/dia-dos-pais-ferracini,/,permanent
/dia-dos-pais-roupas,/,permanent
/diadora,/diadora,permanent
/diadora-importados,/diadora,permanent
/diametro,/diametro,permanent
/diametro-jeans,/diametro-jeans,permanent
/diamond,/diamond,permanent
/dijean,/dijean,permanent
/doce-menina,/,permanent
/doce-vida,/doce-vida,permanent
/domenica-solazzo,/domenica-solazzo,permanent
/done-head,/done-head,permanent
/donna,/donna,permanent
/dray,/dray,permanent
/dsix,/dsix,permanent
/ec-shoes,/ec-shoes,permanent
/Ecko,/ecko,permanent
/ecshoes,/,permanent
/element,/element,permanent
/elite,/elite,permanent
/ellas-online,/,permanent
/endless,/endless,permanent
/entregas,/entregas,permanent
/entregas,/entregas,permanent
/especial-parceiros,/,permanent
/esportivos,/esportivo,permanent
/esportivos/acessorios,/acessorios-esportivos,permanent
/esportivos/acessorios/apitos,/acessorios-esportivos,permanent
/esportivos/acessorios/bike,/acessorios-esportivos,permanent
/esportivos/acessorios/bolas,/acessorios-esportivos/bolas,permanent
/esportivos/acessorios/bolas/basquete,/acessorios-esportivos/bolas,permanent
/esportivos/acessorios/bolas/futebol,/acessorios-esportivos/bolas,permanent
/esportivos/acessorios/bolas/volei,/acessorios-esportivos/bolas,permanent
/esportivos/acessorios/bolsas-e-sacolas-esportivas,/acessorios-esportivos/bolsas-e-sacolas,permanent
/esportivos/acessorios/caneleiras,/acessorios-esportivos/caneleiras,permanent
/esportivos/acessorios/capacetes,/acessorios-esportivos,permanent
/esportivos/acessorios/cinto-esportivo,/acessorios-esportivos,permanent
/esportivos/acessorios/corda,/acessorios-esportivos,permanent
/esportivos/acessorios/cotoveleira,/acessorios-esportivos/fitness-e-musculacao,permanent
/esportivos/acessorios/joelheira,/acessorios-esportivos/joelheira,permanent
/esportivos/acessorios/luta,/acessorios-esportivos/fitness-e-musculacao,permanent
/esportivos/acessorios/luvas,/acessorios-esportivos/luvas,permanent
/esportivos/acessorios/luvas/academia,/acessorios-esportivos/luvas,permanent
/esportivos/acessorios/luvas/goleiro,/acessorios-esportivos/luvas,permanent
/esportivos/acessorios/malas,/acessorios-esportivos/malas,permanent
/esportivos/acessorios/munhequeiras,/acessorios-esportivos/fitness-e-musculacao,permanent
/esportivos/acessorios/oculos,/acessorios-esportivos/oculos,permanent
/esportivos/acessorios/oculos/ciclismo,/acessorios-esportivos/oculos,permanent
/esportivos/acessorios/pilates,/acessorios-esportivos,permanent
/esportivos/acessorios/pochete,/acessorios-esportivos,permanent
/esportivos/acessorios/protetor-bucal,/acessorios-esportivos,permanent
/esportivos/acessorios/raquetes,/acessorios-esportivos/raquetes,permanent
/esportivos/acessorios/viseiras,/acessorios-esportivos,permanent
/esportivos/basquete,/basquete,permanent
/esportivos/boxe,/boxe,permanent
/esportivos/calcados,/calcados-esportivos,permanent
/esportivos/calcados/chuteira-de-futebol,/calcados-esportivos,permanent
/esportivos/calcados/chuteira-de-futebol/chuteira-de-campo,/calcados-esportivos,permanent
/esportivos/calcados/chuteira-de-futebol/chuteira-de-futsal,/calcados-esportivos,permanent
/esportivos/calcados/chuteira-de-futebol/chuteira-de-society,/calcados-esportivos,permanent
/esportivos/calcados/sapatilha-aquatica,/calcados-esportivos,permanent
/esportivos/calcados/sapatilha-para-ciclismo,/calcados-esportivos,permanent
/esportivos/calcados/tenis-de-academia,/calcados-esportivos,permanent
/esportivos/calcados/tenis-de-adventure,/calcados-esportivos,permanent
/esportivos/calcados/tenis-de-basquete,/calcados-esportivos,permanent
/esportivos/calcados/tenis-de-boxe,/calcados-esportivos,permanent
/esportivos/calcados/tenis-de-caminhada,/calcados-esportivos,permanent
/esportivos/calcados/tenis-de-corrida,/calcados-esportivos,permanent
/esportivos/calcados/tenis-de-skate,/calcados-esportivos,permanent
/esportivos/roupas,/roupas-femininas,permanent
/esportivos/roupas/agasalhos,/roupas-masculinas/agasalhos,permanent
/esportivos/roupas/bermudas,/roupas-masculinas/shorts-e-bermudas,permanent
/esportivos/roupas/blusa,/roupas-femininas/blusas,permanent
/esportivos/roupas/calcas,/roupas-femininas/calcas,permanent
/esportivos/roupas/calcas/capri,/roupas-femininas/calcas,permanent
/esportivos/roupas/calcas/jogger,/roupas-femininas/calcas,permanent
/esportivos/roupas/calcas/legging,/roupas-femininas/calcas,permanent
/esportivos/roupas/calcas/moletom,/roupas-masculinas/moletons,permanent
/esportivos/roupas/calcoes,/roupas-masculinas/calcoes,permanent
/esportivos/roupas/camisas-de-time,/roupas-masculinas/camisas-de-time,permanent
/esportivos/roupas/camisetas,/roupas-masculinas/camisetas,permanent
/esportivos/roupas/colete,/roupas-femininas/colete,permanent
/esportivos/roupas/cropped,/roupas-femininas/cropped,permanent
/esportivos/roupas/long-john,/natacao,permanent
/esportivos/roupas/macacoes,/roupas-femininas/macacoes,permanent
/esportivos/roupas/maio,/roupas-femininas,permanent
/esportivos/roupas/meiao,/acessorios-masculinos/meias,permanent
/esportivos/roupas/moletons-e-jaquetas,/roupas-masculinas/moletons,permanent
/esportivos/roupas/regatas,/roupas-masculinas/regatas,permanent
/esportivos/roupas/shorts,/roupas-femininas/shorts-e-bermudas,permanent
/esportivos/roupas/shorts/shorts-saia,/roupas-femininas/shorts-e-bermudas,permanent
/esportivos/roupas/sungas,/roupas-masculinas,permanent
/esportivos/roupas/top,/roupas-femininas/tops,permanent
/estilos-de-maes,/calcados-femininos,permanent
/evanilda,/evanilda,permanent
/everlast,/everlast,permanent
/fallen,/fallen,permanent
/feminino,/feminino,permanent
/feminino-mary-jane,/calcados-femininos/sandalias,permanent
/feminino-slingback,/calcados-femininos/sandalias,permanent
/feminino/acessorios,/acessorios-femininos,permanent
/feminino/acessorios/bolsas,/acessorios-femininos/bolsas,permanent
/feminino/acessorios/bolsas/chaveiro-de-bolsa,/acessorios-femininos/bolsas,permanent
/feminino/acessorios/carteiras,/acessorios-femininos/carteiras,permanent
/feminino/acessorios/cintos,/acessorios-femininos/cintos,permanent
/feminino/acessorios/mala,/acessorios-femininos,permanent
/feminino/acessorios/mochilas,/acessorios-femininos/mochilas,permanent
/feminino/acessorios/necessaire-e-pochetes,/acessorios-femininos,permanent
/feminino/acessorios/oculos,/acessorios-femininos/oculos,permanent
/feminino/acessorios/relogios,/acessorios-femininos/relogios,permanent
/feminino/acessorios/utilidades,/acessorios-femininos,permanent
/feminino/calcados,/calcados-femininos,permanent
/feminino/calcados/babuche,/calcados-femininos/babuches,permanent
/feminino/calcados/botas,/calcados-femininos/botas,permanent
/feminino/calcados/botas/cano-curto,/calcados-femininos/botas/cano-curto,permanent
/feminino/calcados/botas/cano-longo,/calcados-femininos/botas/cano-longo,permanent
/feminino/calcados/botas/coturnos,/calcados-femininos/botas/coturnos,permanent
/feminino/calcados/chinelos,/calcados-femininos/chinelos,permanent
/feminino/calcados/linha-conforto,/calcados-femininos,permanent
/feminino/calcados/pantufas,/calcados-femininos/pantufas,permanent
/feminino/calcados/sandalias,/calcados-femininos/sandalias,permanent
/feminino/calcados/sandalias/anabela,/calcados-femininos/sandalias/anabela,permanent
/feminino/calcados/sandalias/plataforma,/calcados-femininos/sandalias/plataforma,permanent
/feminino/calcados/sandalias/rasteirinha,/calcados-femininos/rasteirinhas,permanent
/feminino/calcados/sandalias/salto-alto,/calcados-femininos/sandalias/salto-alto,permanent
/feminino/calcados/sandalias/salto-fino,/calcados-femininos/sandalias/salto-fino,permanent
/feminino/calcados/sandalias/salto-grosso,/calcados-femininos/sandalias/salto-grosso,permanent
/feminino/calcados/sapatilhas,/calcados-femininos/sapatilhas,permanent
/feminino/calcados/sapatilhas/alpargatas,/calcados-femininos/sapatilhas,permanent
/feminino/calcados/sapatilhas/bico-fino,/calcados-femininos/sapatilhas/bico-fino,permanent
/feminino/calcados/sapatilhas/bico-redondo,/calcados-femininos/sapatilhas/bico-redondo,permanent
/feminino/calcados/sapatilhas/slipper,/calcados-femininos/sapatilhas,permanent
/feminino/calcados/sapatos,/calcados-femininos/sapatos,permanent
/feminino/calcados/sapatos/mocassim,/calcados-femininos/mocassins,permanent
/feminino/calcados/sapatos/oxford,/calcados-femininos/sapatos,permanent
/feminino/calcados/sapatos/peep-toe,/calcados-femininos/sapatos,permanent
/feminino/calcados/sapatos/scarpin,/calcados-femininos/scarpins,permanent
/feminino/calcados/tamancos,/calcados-femininos/tamancos,permanent
/feminino/calcados/tamancos/anabela,/calcados-femininos/tamancos/anabela,permanent
/feminino/calcados/tamancos/mule,/calcados-femininos/tamancos/mule,permanent
/feminino/calcados/tamancos/rasteira,/calcados-femininos/tamancos,permanent
/feminino/calcados/tamancos/salto-fino,/calcados-femininos/tamancos/salto-alto,permanent
/feminino/calcados/tamancos/salto-grosso,/calcados-femininos/tamancos/salto-alto,permanent
/feminino/calcados/tamancos/slide,/calcados-femininos/chinelos,permanent
/feminino/calcados/tamanhos-especiais,/calcados-femininos,permanent
/feminino/calcados/tenis,/calcados-femininos/tenis,permanent
/feminino/calcados/tenis/adventure,/calcados-femininos/tenis/adventure,permanent
/feminino/calcados/tenis/slip-on,/calcados-femininos/tenis/casual,permanent
/feminino/roupas,/roupas-femininas,permanent
/feminino/roupas/bata,/roupas-femininas,permanent
/feminino/roupas/blazer,/roupas-femininas/blazers,permanent
/feminino/roupas/blusa,/roupas-femininas/blusas,permanent
/feminino/roupas/body,/roupas-femininas,permanent
/feminino/roupas/calcas,/roupas-femininas/calcas,permanent
/feminino/roupas/calcas/calca-jeans-feminino,/roupas-femininas,permanent
/feminino/roupas/camisa,/roupas-femininas/camisas,permanent
/feminino/roupas/camisetas,/roupas-femininas/camisetas,permanent
/feminino/roupas/casacos-e-jaquetas,/roupas-femininas/jaquetas,permanent
/feminino/roupas/chemise,/roupas-femininas,permanent
/feminino/roupas/colete,/roupas-femininas/colete,permanent
/feminino/roupas/conjuntos,/roupas-femininas/conjuntos,permanent
/feminino/roupas/cropped,/roupas-femininas/croppeds,permanent
/feminino/roupas/kimono,/roupas-femininas/kimonos,permanent
/feminino/roupas/macacao,/roupas-femininas/macacoes,permanent
/feminino/roupas/meias,/acessorios-femininos/meias,permanent
/feminino/roupas/moda-intima,/roupas-femininas,permanent
/feminino/roupas/moda-praia,/roupas-femininas,permanent
/feminino/roupas/moletom,/roupas-femininas/moletons,permanent
/feminino/roupas/parka,/roupas-femininas,permanent
/feminino/roupas/pijama,/roupas-femininas,permanent
/feminino/roupas/polo,/roupas-femininas,permanent
/feminino/roupas/regatas,/roupas-femininas/regatas,permanent
/feminino/roupas/shorts-e-bermudas,/roupas-femininas/shorts-e-bermudas,permanent
/feminino/roupas/sueter-e-cardigan,/roupas-femininas/sueteres-e-cardigans,permanent
/feminino/roupas/top,/roupas-femininas/tops,permanent
/feminino/roupas/vestidos-e-saias,/roupas-femininas/vestidos,permanent
/ferracini,/ferracini,permanent
/fila,/fila,permanent
/fio-de-ouro,/fio-de-ouro,permanent
/flavine,/flavine,permanent
/flavinie,/flavinie,permanent
/fluminense,/,permanent
/formas-de-pagamento,/formas-de-pagamento,permanent
/free-way,/free-way,permanent
/freeday,/freeday,permanent
/frete-gratis,/outlet,permanent
/frete-gratis-feminino,/feminino,permanent
/frete-gratis-infantil,/infantil,permanent
/frete-gratis-masculino,/masculino,permanent
/frete-gratis-rovitex,/frete-gratis-todo-brasil-rovitex,permanent
/frete-gratis-todo-brasil,/frete-gratis-todo-brasil-rovitex,permanent
/frete-gratis-vulcabras,/outlet,permanent
/futebol,/futebol,permanent
/futebol,/futebol,permanent
/garm,/,permanent
/gash,/gash,permanent
/gibizinho,/gibizinho,permanent
/glk,/,permanent
/gogowear,/gogowear,permanent
/granado,/granado,permanent
/grandes-marcas-com-desconto,/outlet,permanent
/green,/green,permanent
/grendene,/grendene,permanent
/grendene-kids,/grendene-kids,permanent
/grizzly,/grizzly,permanent
/grugui,/,permanent
/hamitie,/,permanent
/hang-loose,/hang-loose,permanent
/hangar-33,/,permanent
/harry-potter,/warner-dc-oscar,permanent
/haus-creators-oscar,/haus-creators-oscar,permanent
/haus-creators-oscar,/haus-creators-oscar,permanent
/havaianas,/havaianas,permanent
/hd,/hd,permanent
/hermoso-compadre,/,permanent
/hocks,/hocks,permanent
/hurley,/hurley,permanent
/huron,/huron,permanent
/inauguracao-de-loja,/,permanent
/infantil,/infantil,permanent
/infantil/menina,/calcado-infantil-feminino,permanent
/infantil/menina/babuche,/calcado-infantil-feminino/babuches,permanent
/infantil/menina/bolsas-e-mochilas,/acessorios-infantis/bolsas-e-mochilas,permanent
/infantil/menina/botas,/calcado-infantil-feminino/botas,permanent
/infantil/menina/botas/galocha,/calcado-infantil-feminino/botas,permanent
/infantil/menina/chinelos,/calcado-infantil-feminino/chinelos,permanent
/infantil/menina/meias,/acessorios-infantis/meias,permanent
/infantil/menina/pantufas,/calcado-infantil-feminino/pantufas,permanent
/infantil/menina/sandalias,/calcado-infantil-feminino/sandalias,permanent
/infantil/menina/sandalias/anabela,/calcado-infantil-feminino/sandalias,permanent
/infantil/menina/sandalias/rasteira,/calcado-infantil-feminino/sandalias,permanent
/infantil/menina/sandalias/saltinho,/calcado-infantil-feminino/sandalias,permanent
/infantil/menina/sapatilhas,/calcado-infantil-feminino/sapatilhas,permanent
/infantil/menina/sapatilhas/alpargata,/calcado-infantil-feminino/sapatilhas,permanent
/infantil/menina/sapatilhas/slipper,/calcado-infantil-feminino/sapatilhas,permanent
/infantil/menina/sapatos-e-mocassins,/calcado-infantil-feminino/sapatos,permanent
/infantil/menina/tamancos,/calcado-infantil-feminino/tamancos,permanent
/infantil/menina/tenis,/calcado-infantil-feminino/tenis,permanent
/infantil/menina/tenis/slip-on,/calcado-infantil-feminino/tenis,permanent
/infantil/menina/toucas-menina,/acessorios-infantis,permanent
/infantil/menino,/calcado-infantil-masculino,permanent
/infantil/menino/babuche,/calcado-infantil-masculino/babuches,permanent
/infantil/menino/botas,/calcado-infantil-masculino/botas,permanent
/infantil/menino/botas/galocha,/calcado-infantil-masculino/botas,permanent
/infantil/menino/chinelos,/calcado-infantil-masculino/chinelos,permanent
/infantil/menino/chuteiras,/calcado-infantil-masculino/chuteiras,permanent
/infantil/menino/futebol,/acessorios-infantis,permanent
/infantil/menino/futebol/meiao,/acessorios-infantis/meias,permanent
/infantil/menino/meias,/acessorios-infantis/meias,permanent
/infantil/menino/mocassim,/calcado-infantil-masculino/mocassins,permanent
/infantil/menino/mochilas,/acessorios-infantis/bolsas-e-mochilas,permanent
/infantil/menino/pantufas,/calcado-infantil-masculino/pantufas,permanent
/infantil/menino/sandalias,/calcado-infantil-masculino/sandalias,permanent
/infantil/menino/sapatenis,/calcado-infantil-masculino/sapatenis,permanent
/infantil/menino/sapatos,/calcado-infantil-masculino/sapatos,permanent
/infantil/menino/tenis,/calcado-infantil-masculino/tenis,permanent
/infantil/menino/tenis/slip-on,/calcado-infantil-masculino/tenis,permanent
/infantil/menino/toucas-menino,/acessorios-infantis,permanent
/infantil/roupas,/roupas-infantis,permanent
/infantil/roupas/body,/roupas-infantis/bodys,permanent
/infantil/roupas/calcas,/roupas-infantis/calcas,permanent
/infantil/roupas/camisas-e-polo,/roupas-infantis/camisas-e-polos,permanent
/infantil/roupas/camiseta-e-blusas,/roupas-infantis/camisetas-e-blusas,permanent
/infantil/roupas/casacos-e-jaquetas,/roupas-infantis/jaquetas,permanent
/infantil/roupas/colete,/roupas-infantis,permanent
/infantil/roupas/conjunto,/roupas-infantis/conjuntos,permanent
/infantil/roupas/macacao-e-macaquinho,/roupas-infantis/macacoes,permanent
/infantil/roupas/moda-intima,/roupas-infantis,permanent
/infantil/roupas/moda-praia,/roupas-infantis,permanent
/infantil/roupas/parka,/roupas-infantis,permanent
/infantil/roupas/pijamas,/roupas-infantis,permanent
/infantil/roupas/regatas,/roupas-infantis/regatas,permanent
/infantil/roupas/roupao,/roupas-infantis,permanent
/infantil/roupas/salopete,/roupas-infantis,permanent
/infantil/roupas/top,/roupas-infantis/tops,permanent
/infantil/roupas/vestidos,/roupas-infantis/vestidos,permanent
/infantil/saida-de-maternidade,/roupas-infantis,permanent
/infinita-cor,/infinita-cor,permanent
/ipanema,/ipanema,permanent
/itapua,/itapua,permanent
/jet-kids,/jet-kids,permanent
/jg-boots,/,permanent
/john-john,/john-john,permanent
/joma,/joma,permanent
/jota-pe,/jota-pe,permanent
/kanxa,/kanxa,permanent
/kappa,/kappa,permanent
/kappes,/kappes,permanent
/kelme,/kelme,permanent
/kenner,/kenner,permanent
/kids-day,/,permanent
/kidy,/kidy,permanent
/kildare,/kildare,permanent
/kildy,/,permanent
/kimino,/,permanent
/kits,/kits,permanent
/kits-aguias-do-vale,/kits,permanent
/kits-selecionados,/kits,permanent
/klin,/klin,permanent
/kohmar,/kohmar,permanent
/kolosh,/kolosh,permanent
/kult,/kult,permanent
/kultz,/kult,permanent
/lacoste,/lacoste,permanent
/lado-avesso,/,permanent
/lady-queen,/lady-queen,permanent
/lancamento-outono-inverno,/novidades,permanent
/lancamento-roupas,/novidades,permanent
/lancamentos-de-tenis,/novidades,permanent
/lancamentos-esportivos,/novidades,permanent
/lancamentos-feminino,/novidades,permanent
/lancamentos-roupas,/novidades,permanent
/lepper,/lepper,permanent
/leve-3-pague-2,/leve-3-pague-2,permanent
/lia-line,/lia-line,permanent
/linha-conforto-feminino,/calcados-femininos,permanent
/liquida,/outlet,permanent
/liquida-esportivos,/liquida-esportivo,permanent
/liquida-feminino,/promocao-feminino,permanent
/liquida-infantil,/outlet,permanent
/liquida-marcas-exclusivas,/outlet,permanent
/liquida-masculino,/outlet,permanent
/liquida-moda-casa,/outlet,permanent
/liquida-roupas,/outlet,permanent
/liquida-rovitex,/outlet,permanent
/lista-de-desejos,/lista-de-desejos,permanent
/live,/live,permanent
/live-oscar,/live-oscar,permanent
/liveshop-oscar,/liveshop-oscar,permanent
/loja-passarela,/,permanent
/loja-wisni,/,permanent
/lojadaaguia,/lojadaaguia,permanent
/lokahi,/lokahi,permanent
/lost,/lost,permanent
/loule,/loule,permanent
/loverly,/loverly,permanent
/luelua,/luelua,permanent
/lunender,/,permanent
/lupo,/lupo,permanent
/m-shuz,/m-shuz,permanent
/m-shuz-kids,/m-shuz,permanent
/macboot,/macboot,permanent
/madrugada-de-ofertas,/outlet,permanent
/mae-classica,/feminino,permanent
/mae-confort,/feminino,permanent
/mae-fashion,/feminino,permanent
/mais-vendidos,/novidades,permanent
/mais-vendidos-site,/novidades,permanent
/marca-exclusiva-constantino,/constantino,permanent
/marcas-exclusivas,/marcas,permanent
/marcas-infantil,/infantil,permanent
/mariart,/,permanent
/marketplace,/,permanent
/masculino,/masculino,permanent
/masculino/acessorios,/acessorios-masculinos,permanent
/masculino/acessorios/bones,/acessorios-masculinos/bones,permanent
/masculino/acessorios/cachecois,/acessorios-masculinos,permanent
/masculino/acessorios/carteiras,/acessorios-masculinos/carteiras,permanent
/masculino/acessorios/chapeu,/acessorios-masculinos,permanent
/masculino/acessorios/cintos,/acessorios-masculinos/cintos,permanent
/masculino/acessorios/gorros,/acessorios-masculinos,permanent
/masculino/acessorios/mala,/acessorios-masculinos,permanent
/masculino/acessorios/mascaras,/acessorios-masculinos,permanent
/masculino/acessorios/mochilas,/acessorios-masculinos/mochilas,permanent
/masculino/acessorios/necessaire,/acessorios-masculinos,permanent
/masculino/acessorios/oculos,/acessorios-masculinos/oculos,permanent
/masculino/acessorios/pasta,/acessorios-masculinos,permanent
/masculino/acessorios/pochete,/acessorios-masculinos,permanent
/masculino/acessorios/relogios,/acessorios-masculinos/relogios,permanent
/masculino/acessorios/shoulder-bag,/acessorios-masculinos,permanent
/masculino/acessorios/utilidades,/acessorios-masculinos,permanent
/masculino/calcados,/calcados-masculinos,permanent
/masculino/calcados/babuche,/calcados-masculinos/babuches,permanent
/masculino/calcados/botas,/calcados-masculinos/botas,permanent
/masculino/calcados/chinelos-e-sandalias,/calcados-masculinos/chinelos,permanent
/masculino/calcados/mocassins,/calcados-masculinos/mocassins,permanent
/masculino/calcados/mule,/calcados-masculinos/mules,permanent
/masculino/calcados/pantufas,/calcados-masculinos/pantufas,permanent
/masculino/calcados/sapatenis,/calcados-masculinos/sapatenis,permanent
/masculino/calcados/sapato-casual,/calcados-masculinos/sapatos/casual,permanent
/masculino/calcados/sapato-social,/calcados-masculinos/sapatos/social,permanent
/masculino/calcados/tenis,/calcados-masculinos/tenis,permanent
/masculino/calcados/tenis/adventure,/calcados-masculinos/tenis/adventure,permanent
/masculino/calcados/tenis/slip-on,/calcados-masculinos/tenis/casual,permanent
/masculino/linha-futebol,/masculino,permanent
/masculino/linha-futebol/chuteiras,/calcados-masculinos/chuteiras,permanent
/masculino/linha-futebol/chuteiras/campo,/calcados-masculinos/chuteiras/campo,permanent
/masculino/linha-futebol/chuteiras/salao,/calcados-masculinos/chuteiras/futsal,permanent
/masculino/linha-futebol/chuteiras/society,/calcados-masculinos/chuteiras/society,permanent
/masculino/roupas,/roupas-masculinas,permanent
/masculino/roupas/calcas,/roupas-masculinas/calcas,permanent
/masculino/roupas/camisas,/roupas-masculinas/camisas,permanent
/masculino/roupas/camisetas,/roupas-masculinas/camisetas,permanent
/masculino/roupas/camisetas-de-times,/roupas-masculinas/camisas-de-time,permanent
/masculino/roupas/casacos-e-jaquetas,/roupas-masculinas/jaquetas,permanent
/masculino/roupas/meias,/acessorios-masculinos/meias,permanent
/masculino/roupas/moda-intima,/roupas-masculinas,permanent
/masculino/roupas/moda-praia,/roupas-masculinas,permanent
/masculino/roupas/moletom,/roupas-masculinas/moletons,permanent
/masculino/roupas/polo,/roupas-masculinas/polos,permanent
/masculino/roupas/regatas,/roupas-masculinas/regatas,permanent
/masculino/roupas/shorts-e-bermudas,/roupas-masculinas/shorts-e-bermudas,permanent
/masculino/roupas/sueter-e-cardigan,/roupas-masculinas/sueteres-e-cardigans,permanent
/mcd,/mcd,permanent
/melhores-tenis-de-academia-na-black-friday,/black-friday,permanent
/melhores-tenis-esportivos-skechers/,/skechers,permanent
/melissa,/,permanent
/mensageira-da-paz,/mensageira-da-paz,permanent
/mg-sports,/mg-sports,permanent
/mikasa,/mikasa,permanent
/mimo-test-page,/mimo-test-page,permanent
/minty,/minty,permanent
/miss-western,/miss-western,permanent
/mississipi,/mississipi,permanent
/misso,/misso,permanent
/mizuno,/mizuno,permanent
/mizuno-leve-3-pague-2,/mizuno,permanent
/mizuno-wave-prophecy,/mizuno,permanent
/moda-casa,/,permanent
/moda-casa/banheiro,/,permanent
/moda-casa/banheiro/jogos-de-banheiro,/,permanent
/moda-casa/banheiro/tapetes-para-banheiro,/,permanent
/moda-casa/banheiro/toalha-de-banho,/,permanent
/moda-casa/banheiro/toalha-de-piso,/,permanent
/moda-casa/banheiro/toalha-de-rosto,/,permanent
/moda-casa/cozinha,/,permanent
/moda-casa/cozinha/toalha-de-mesa,/,permanent
/moda-casa/d,/,permanent
/moda-casa/decoracao,/,permanent
/moda-casa/decoracao/almofadas,/,permanent
/moda-casa/decoracao/cortinas,/,permanent
/moda-casa/decoracao/tapetes,/,permanent
/moda-casa/decoracao/velas-e-aromas,/,permanent
/moda-casa/quarto,/,permanent
/moda-casa/quarto/capa-de-colchao,/,permanent
/moda-casa/quarto/cobertor-e-mantas,/,permanent
/moda-casa/quarto/colchas,/,permanent
/moda-casa/quarto/edredom,/,permanent
/moda-casa/quarto/fronhas-e-travesseiros,/,permanent
/moda-casa/quarto/jogos-de-cama,/,permanent
/moda-casa/quarto/lencol,/,permanent
/moda-casa/quarto/protetor-de-travesseiro,/,permanent
/moda-intima-sellers,/,permanent
/moda-plus-size,/,permanent
/moda-praia,/,permanent
/moda-streetwear,/,permanent
/modare,/modare,permanent
/modarpe,/,permanent
/moleca,/moleca,permanent
/molekinha,/molekinha,permanent
/molekinho,/molekinho,permanent
/monseg,/,permanent
/mormaii,/mormaii,permanent
/munique,/munique,permanent
/naja,/naja,permanent
/natacao,/natacao,permanent
/natacao,/natacao,permanent
/natal-selecao-esportivo,/,permanent
/natal-selecao-feminino,/,permanent
/natal-selecao-infantil,/,permanent
/natal-selecao-masculino,/,permanent
/natal-selecao-promocional,/,permanent
/nell-ondas,/nell-ondas,permanent
/new-balance,/new-balance,permanent
/new-era,/new-era,permanent
/new-face,/new-face,permanent
/nike,/nike,permanent
/nilqi,/nilqi,permanent
/nossas-lojas,/nossas-lojas,permanent
/novidades,/novidades,permanent
/novidades-infantil,/novidades,permanent
/numeracao-especial-tenis,/calcados-masculinos/tenis,permanent
/numercao-especial-feminino,/calcados-femininos,permanent
/oakley,/oakley,permanent
/ofertas-de-acessorios,/acessorios-femininos,permanent
/ofertas-de-botas,/calcados-femininos/botas,permanent
/ofertas-do-dia,/outlet,permanent
/ofertas-esportivo,/liquida-esportivo,permanent
/ofertas-fila,/fila,permanent
/ofertas-marcas-exclusivas,/outlet,permanent
/ofertas-roupas-esportivas,/outlet,permanent
/ofertas-sandalias,/calcados-femininos/sandalias,permanent
/ofertas-tenis,/promocao-tenis,permanent
/ofertas-vulcabras,/outlet,permanent
/offline,/offline,permanent
/Ogoshi,/,permanent
/olimpiadas,/,permanent
/ollie,/ollie,permanent
/olympikus,/olympikus,permanent
/onbongo,/onbongo,permanent
/op-santos,/op-santos,permanent
/opananken,/opananken,permanent
/oppnus,/oppnus,permanent
/opx,/,permanent
/ortope,/,permanent
/os-mais-queridinhos-por-elas,/feminino,permanent
/osc,/osc,permanent
/oscar-day,/oscar-day,permanent
/oscar-day-esportivo,/oscar-day,permanent
/oscar-day-feminino,/oscar-day,permanent
/oscar-day-geral,/oscar-day,permanent
/oscar-day-infantil,/oscar-day,permanent
/oscar-day-masculino,/oscar-day,permanent
/outlet,/outlet,permanent
/outlet-esportivo,/outlet,permanent
/outlet-feminino,/outlet,permanent
/outlet-geral,/outlet,permanent
/outlet-infantil,/outlet,permanent
/outlet-kyw,/outlet,permanent
/outlet-masculino,/outlet,permanent
/outlet-roupas,/outlet,permanent
/outlet-ultimas-pecas,/outlet,permanent
/pagina-teste,/,permanent
/palma-ville,/,permanent
/pampili,/pampili,permanent
/papete-moleca,/calcados-femininos/papetes,permanent
/papete-via-marte,/calcados-femininos/papetes,permanent
/papete-vizzano,/calcados-femininos/papetes,permanent
/para-elas,/calcados-femininos,permanent
/para-eles,/calcados-masculinos,permanent
/parceiros,/parceiros,permanent
/parceiros-feminino,/parceiros,permanent
/parceiros-festcard,/parceiros,permanent
/parceiros-masculino,/parceiros,permanent
/pau-a-pique,/pau-a-pique,permanent
/pe-mania,/pe-mania,permanent
/pegada,/pegada,permanent
/penalty,/penalty,permanent
/perguntas-frequentes,/perguntas-frequentes,permanent
/petite-jolie,/petite-jolie,permanent
/picadilly,/piccadilly,permanent
/piccadilly,/piccadilly,permanent
/pijamas-de-frio,/,permanent
/pink-cats,/pink-cats,permanent
/planet-girls,/,permanent
/plo-wear,/,permanent
/poker,/poker,permanent
/politica-de-privacidade,/politica-de-privacidade,permanent
/polo,/polo,permanent
/polo-plus,/polo-plus,permanent
/polo-wear,/,permanent
/presentes-dia-namorados,/outlet,permanent
/presentes-para-ela,/feminino,permanent
/presentes-para-ele,/masculino,permanent
/presentes-para-eles,/masculino,permanent
/presentes-para-solteiras,/feminino,permanent
/pretorian,/pretorian,permanent
/produto-antes-de-agosto,/,permanent
/produtos-da-campanha-nft,/,permanent
/produtos-especiais,/,permanent
/produtos-esportivos-parceiros,/,permanent
/produtos-live-shop,/,permanent
/produtos-mais-queridos,/,permanent
/produtos-nft-oscar-40-anos,/,permanent
/produtos-para-bebe,/,permanent
/produtos-sao-jose,/,permanent
/promo,/outlet,permanent
/promo-week,/outlet,permanent
/promo-week-esportivo,/outlet,permanent
/promocao-compre-e-ganhe,/outlet,permanent
/promocao-exclusiva-app,/outlet,permanent
/promocao-feminino,/promocao-feminino,permanent
/promocao-fila,/fila,permanent
/promocao-marcas,/marcas,permanent
/promocao-marcas-esportivas,/outlet,permanent
/promocao-moda-casa-beleza,/,permanent
/promocao-olympikus,/,permanent
/promocao-relampago,/promocao-relampago,permanent
/promocao-rovitex,/promocao-rovitex,permanent
/promocao-umbro,/umbro,permanent
/promocao-usaflex,/usaflex,permanent
/promocional-esportivo,/liquida-esportivo,permanent
/promocional-feminino,/promocao-feminino,permanent
/promoco-relampago,/outlet,permanent
/promocoes,/outlet,permanent
/promocoes-agora,/outlet,permanent
/promocoes-semana-do-consumidor,/outlet,permanent
/promovidos,/promovidos,permanent
/puma,/puma,permanent
/qix,/qix,permanent
/quiksilver,/quiksilver,permanent
/rafarillo,/rafarillo,permanent
/rafitthy,/rafitthy,permanent
/rainha,/rainha,permanent
/ramarim,/ramarim,permanent
/rasteirinha-moleca,/moleca,permanent
/rasteirinha-vizzano,/vizzano,permanent
/realtex,/realtex,permanent
/red-nose,/red-nose,permanent
/redley,/redley,permanent
/reebok,/reebok,permanent
/regulamentos,/regulamentos,permanent
/regulamentos,/regulamentos,permanent
/replay,/replay,permanent
/rider,/rider,permanent
/rip-curl,/rip-curl,permanent
/rocha-esportes,/,permanent
/roupas,/roupas-femininas,permanent
/roupas-acessorios-promocao,/,permanent
/roupas-futebol,/futebol,permanent
/roupas-inverno,/roupas-femininas,permanent
/roupas-inverno-feminino,/roupas-femininas,permanent
/roupas-inverno-infantil,/roupas-infantis,permanent
/roupas-inverno-masculino,/roupas-masculinas,permanent
/roupas-para-academia,/roupas-masculinas,permanent
/roupas-sao-joao,/roupas-masculinas,permanent
/rovitex,/,permanent
/rovitex-festcard,/,permanent
/rovitex/b,/,permanent
/roxy,/roxy,permanent
/royalz,/royalz,permanent
/rusty,/rusty,permanent
/rvca,/rvca,permanent
/saldo-oscar-calcados,/outlet,permanent
/saldos-esportivos,/outlet,permanent
/saldos-feminino,/promocao-feminino,permanent
/saldos-infantil,/outlet,permanent
/saldos-masculino,/outlet,permanent
/sandalia-moleca,/calcados-femininos/sandalias,permanent
/sandalia-via-marte,/calcados-femininos/sandalias,permanent
/sandalia-vizzano,/calcados-femininos/sandalias,permanent
/sandalias-e-chinelos-masculino,/calcados-masculinos/chinelos,permanent
/sandalias-femininas,/calcados-femininos/sandalias,permanent
/sandalo,/,permanent
/sandspin,/sandspin,permanent
/sanspin,/,permanent
/sapatilha-moleca,/calcados-femininos/sapatilhas,permanent
/sawary,/sawary,permanent
/scarpin-vizzano,/calcados-femininos/scarpins,permanent
/seanite,/seanite,permanent
/secret-galm,/secret-glam,permanent
/secret-glam,/secret-glam,permanent
/selecao-black-friday,/black-friday,permanent
/selecao-bota-cano-alto,/calcados-femininos/botas/cano-longo,permanent
/selecao-casual,/,permanent
/selecao-chinelos,/calcados-femininos/chinelos,permanent
/selecao-com-brindes,/,permanent
/selecao-com-desconto,/outlet,permanent
/selecao-coturnos,/calcados-femininos/botas/coturnos,permanent
/selecao-crocs,/crocs,permanent
/selecao-de-botas,/calcados-femininos/botas,permanent
/selecao-de-nike,/nike,permanent
/selecao-de-plus-size,/,permanent
/selecao-de-scarpin,/calcados-femininos/scarpins,permanent
/selecao-dia-dos-pais,/calcados-masculinos,permanent
/selecao-esportivos,/selecao-esportivos,permanent
/selecao-feminino,/promocao-feminino,permanent
/selecao-infantil,/infantil,permanent
/selecao-masculino,/masculino,permanent
/selecao-metalizados-e-brilhos,/calcados-femininos/sandalias,permanent
/selecao-molekinha,/calcado-infantil-feminino,permanent
/selecao-molekinho,/calcado-infantil-masculino,permanent
/selecao-montaria,/calcados-femininos/botas,permanent
/selecao-rasteirinhas,/calcados-femininos/rasteirinhas,permanent
/selecao-reveillon,/calcados-femininos/sandalias,permanent
/selecao-sandalias,/calcados-femininos/sandalias,permanent
/selecao-t-shirt-e-camisetas,/,permanent
/selecao-tenis-casual,/selecao-tenis-casual,permanent
/selecao-tenis-infantil,/infantil,permanent
/selecao-usaflex,/,permanent
/select,/select,permanent
/selene,/selene,permanent
/seller-bibi,/bibi,permanent
/seller-bottero,/bottero,permanent
/seller-cabana-magazine,/,permanent
/seller-ferracini,/ferracini,permanent
/seller-juju-shoes,/,permanent
/seller-macboot,/macboot,permanent
/seller-mizuno,/mizuno,permanent
/seller-olympikus,/olympikus,permanent
/seller-op-santos,/,permanent
/seller-perlatto,/,permanent
/seller-rovitex,/,permanent
/seller-royalz,/,permanent
/seller-sandalo,/,permanent
/seller-sea-surf,/,permanent
/seller-sports-sales,/,permanent
/seller-veja-calcados,/,permanent
/semana-da-amizade,/,permanent
/semana-da-moda,/,permanent
/semana-do-cliente,/,permanent
/semana-do-conforto,/,permanent
/semana-do-consumidor,/,permanent
/semana-do-consumidor-done-head,/done-head,permanent
/semana-do-consumidor-roupas,/,permanent
/semana-do-esporte,/,permanent
/semana-do-rock,/,permanent
/semax,/semax,permanent
/sense,/,permanent
/sestini,/sestini,permanent
/shopping-oscar,/parceiros,permanent
/skate,/skate,permanent
/skate,/skate,permanent
/skechers,/skechers,permanent
/smk,/,permanent
/so-danca,/,permanent
/sobre-a-oscar,/sobre-a-oscar,permanent
/soft-mania,/soft-mania,permanent
/soft-works,/soft-works,permanent
/softworks,/,permanent
/spalding,/spalding,permanent
/speedo,/speedo,permanent
/sports-sales,/,permanent
/stir,/stir,permanent
/strike,/strike,permanent
/surftrip,/surftrip,permanent
/tal-mae-tal-filha,/feminino,permanent
/tal-pai-tal-filho,/masculino,permanent
/tamanho-especial,/,permanent
/tanara,/tanara,permanent
/teka,/teka,permanent
/tenis-casual-esportivo,/calcados-femininos/tenis,permanent
/tenis-casual-feminino,/calcados-femininos/tenis/casual,permanent
/tenis-casual-masculino,/calcados-masculinos/tenis/casual,permanent
/tenis-esportivo-de-alta-performance,/calcados-masculinos/tenis,permanent
/tenis-moleca,/calcados-femininos/tenis,permanent
/tenis-via-marte,/calcados-femininos/tenis,permanent
/tenis-vizzano,/calcados-femininos/tenis,permanent
/tesla,/,permanent
/teste-colecao-app,/,permanent
/timberland,/,permanent
/tommy-hilfinger,/,permanent
/topper,/topper,permanent
/town-country,/,permanent
/trick-nick,/,permanent
/trick-nick/b,/,permanent
/troca-e-devolucao,/troca-e-devolucao,permanent
/tudo-em-jeans,/roupas-femininas,permanent
/ultimos-pares,/outlet,permanent
/umbro,/umbro,permanent
/under-armour,/under-armour,permanent
/unifemme,/,permanent
/unipasso,/,permanent
/usaflex,/usaflex,permanent
/vans,/vans,permanent
/vertice,/vertice,permanent
/via-marte,/via-marte,permanent
/via-uno,/via-uno,permanent
/vilela,/,permanent
/vivaldi,/,permanent
/vizzano,/vizzano,permanent
/volcom,/,permanent
/volei,/volei,permanent
/volei,/volei,permanent
/vollo,/vollo,permanent
/volta-as-aulas,/volta-as-aulas,permanent
/warner,/warner,permanent
/west-line,/,permanent
/wet-n-wild,/,permanent
/wilson,/wilson,permanent
/wisni,/,permanent
/wj,/wj,permanent
/wonder,/wonder,permanent
/world-colors,/,permanent
/xeryus,/xeryus,permanent
/xz-oulusha,/,permanent
/y-e-j-fashion,/,permanent
/yahup,/,permanent
/yashima,/,permanent
/yvate,/,permanent
/zaxy,/zaxy,permanent
/zaxynina,/zaxy,permanent
